{"cameraMode":{"drawMode":0,"name":"Shaded","section":"Shading Mode"},"sceneLighting":true,"audioPlay":false,"sceneViewState":{"m_AlwaysRefresh":false,"showFog":true,"showSkybox":true,"showFlares":true,"showImageEffects":true,"showParticleSystems":true,"showVisualEffectGraphs":true,"m_FxEnabled":true},"in2DMode":false,"pivot":{"x":7.36361026763916,"y":-2.189676284790039,"z":2.362985610961914},"rotation":{"x":0.39805030822753909,"y":0.02063797228038311,"z":-0.008957392536103726,"w":0.9170894026756287},"size":19.025875091552736,"orthographic":false}