{"cameraMode":{"drawMode":0,"name":"Shaded","section":"Shading Mode"},"sceneLighting":false,"audioPlay":false,"sceneViewState":{"m_AlwaysRefresh":false,"showFog":true,"showSkybox":false,"showFlares":true,"showImageEffects":true,"showParticleSystems":true,"showVisualEffectGraphs":true,"m_FxEnabled":true},"in2DMode":false,"pivot":{"x":1.1920928955078126e-7,"y":2.520042657852173,"z":0.6463841795921326},"rotation":{"x":-0.19267228245735169,"y":0.7637251019477844,"z":-0.26442232728004458,"w":-0.5564914345741272},"size":3.5845565795898439,"orthographic":false}